{"noiseKey":{"private":{"type":"Buffer","data":"OGAmsc3Lt1lBxBKxVX8WojmmFDW7ky/k9mrwZ6sorFw="},"public":{"type":"Buffer","data":"YDTZ6jeGOhwmGn/OGvg/aRwIERAqoWdqIWjbczJCXGc="}},"pairingEphemeralKeyPair":{"private":{"type":"Buffer","data":"0CIKUrNpwo1J86d94olqYNny5rsoQhYkw0/rSj+z8nM="},"public":{"type":"Buffer","data":"n8tPvXWWvd5ZtAP1G5wv6Jb8VrmgxUe2ql6uQ7QaCxc="}},"signedIdentityKey":{"private":{"type":"Buffer","data":"4Ec0JPy9+c2IgFAZEG9GeTj17Rt1phab9q6gRJynakM="},"public":{"type":"Buffer","data":"o2vd8d/fhQSTkwj8bNhfAcGBdcApmE3OQelQFuPBVAA="}},"signedPreKey":{"keyPair":{"private":{"type":"Buffer","data":"oF0qsc8KjcChcQlw2lpmIlT2+ikmVupPlwqcIZhoxF4="},"public":{"type":"Buffer","data":"1Ny8mCuntIdIDbKEsHm4i+lace71diTBy3NcWbBNHiE="}},"signature":{"type":"Buffer","data":"offhHsGYUVygx+AxA/z1ugYjysxH4A3Kzs0hnbheFCKrCo/kBleK7n0AAU+xdqHTCnOxRSoG1faTPfl/Dx5Egg=="},"keyId":1},"registrationId":162,"advSecretKey":"VVOereCgCiGqhB2ed5D4Pv2io1SwaMByfSBFyvdb1Hg=","processedHistoryMessages":[],"nextPreKeyId":31,"firstUnuploadedPreKeyId":31,"accountSyncCounter":0,"accountSettings":{"unarchiveChats":false},"deviceId":"ENeE9UH0Q1eLa2ve9hiNdw","phoneId":"fff38438-a2c7-4134-ab7f-b1cc23374f96","identityId":{"type":"Buffer","data":"L7xz/yUELB/kfDPEUOfrsLFopL8="},"registered":true,"backupToken":{"type":"Buffer","data":"iGUWUoQCMb3WRW+6Stn1xlfP+48="},"registration":{},"pairingCode":"FGVNA2G8","me":{"id":"2348102487241:45@s.whatsapp.net"},"account":{"details":"CNn20s8HELKEjb0GGAQgACgA","accountSignatureKey":"pyojgE3yOtnBkdBH5rCDX3iQ+9maDY1X9XWTEZkrhls=","accountSignature":"XrSjRVYOAAcPrc8RAXAuEiJW+x6d4zGuClhWbbuX9oomafBZY5xhQ0+7u7UE1YZwhpw+rRbcBpVWN+Frq62QBQ==","deviceSignature":"rD9HEquZVwSGEb2RWqoz27D3z5BfvvCSI+SVz/a4fEHB1S9haqTNDzYfaJFuFKpvEBN24FAaFbYwQE0Q6ypniw=="},"signalIdentities":[{"identifier":{"name":"2348102487241:45@s.whatsapp.net","deviceId":0},"identifierKey":{"type":"Buffer","data":"BacqI4BN8jrZwZHQR+awg194kPvZmg2NV/V1kxGZK4Zb"}}],"platform":"android","lastAccountSyncTimestamp":1738752574,"myAppStateKeyId":"AAAAAFWf"}